[
  {
    "Time": "2021-01-06T00:00:00",
    "Steps": 500,
    "Goal": 10000,
    "PulseGoal": 250,
    "Calories": 34,
    "Distance": 750,
    "Pulse": null,
    "PAIIndex": 3,
    "CurrentWeather": "Unknown",
    "CurrentTemperature": null,
    "DayTemperature": -15,
    "NightTemperature": -24,
    "TomorrowDayTemperature": null,
    "TomorrowNightTemperature": null,
    "AirQuality": "Unknown",
    "AirQualityIndex": null,
    "BatteryLevel": 100,
    "Bluetooth": false,
    "Unlocked": false,
    "DoNotDisturb": false,
    "AlarmIsSet": false,
    "AlarmTime": "1200",
    "UVIndex": 2,
    "Wind": 1,
    "Humidity": 5
  },
  {
    "Time": "2021-02-07T01:02:01",
    "Steps": 1000,
    "Goal": 10000,
    "PulseGoal": 250,
    "Calories": 68,
    "Distance": 1500,
    "Pulse": null,
    "PAIIndex": 5,
    "CurrentWeather": "Unknown",
    "CurrentTemperature": null,
    "DayTemperature": -14,
    "NightTemperature": -22,
    "TomorrowDayTemperature": null,
    "TomorrowNightTemperature": null,
    "AirQuality": "Unknown",
    "AirQualityIndex": null,
    "BatteryLevel": 95,
    "Bluetooth": false,
    "Unlocked": false,
    "DoNotDisturb": false,
    "AlarmIsSet": false,
    "AlarmTime": "0102",
    "UVIndex": 4,
    "Wind": 2,
    "Humidity": 10
  },
  {
    "Time": "2021-02-08T02:04:02",
    "Steps": 1500,
    "Goal": 10000,
    "PulseGoal": 250,
    "Calories": 102,
    "Distance": 2250,
    "Pulse": 90,
    "PAIIndex": 7,
    "CurrentWeather": "PartlyCloudy",
    "CurrentTemperature": -6,
    "DayTemperature": -13,
    "NightTemperature": -20,
    "TomorrowDayTemperature": null,
    "TomorrowNightTemperature": null,
    "AirQuality": "Good",
    "AirQualityIndex": 25,
    "BatteryLevel": 90,
    "Bluetooth": true,
    "Unlocked": false,
    "DoNotDisturb": false,
    "AlarmIsSet": false,
    "AlarmTime": "0204",
    "UVIndex": 6,
    "Wind": 3,
    "Humidity": 15
  },
  {
    "Time": "2021-03-09T03:06:03",
    "Steps": 2000,
    "Goal": 10000,
    "PulseGoal": 250,
    "Calories": 136,
    "Distance": 3000,
    "Pulse": 98,
    "PAIIndex": 9,
    "CurrentWeather": "CloudyAndRain",
    "CurrentTemperature": -4,
    "DayTemperature": -12,
    "NightTemperature": -18,
    "TomorrowDayTemperature": null,
    "TomorrowNightTemperature": null,
    "AirQuality": "Light",
    "AirQualityIndex": 75,
    "BatteryLevel": 85,
    "Bluetooth": true,
    "Unlocked": false,
    "DoNotDisturb": false,
    "AlarmIsSet": true,
    "AlarmTime": "0306",
    "UVIndex": 8,
    "Wind": 4,
    "Humidity": 20
  },
  {
    "Time": "2021-03-10T04:08:04",
    "Steps": 2500,
    "Goal": 10000,
    "PulseGoal": 250,
    "Calories": 170,
    "Distance": 3750,
    "Pulse": 106,
    "PAIIndex": 11,
    "CurrentWeather": "CloudyAndSnow",
    "CurrentTemperature": -2,
    "DayTemperature": -11,
    "NightTemperature": -16,
    "TomorrowDayTemperature": null,
    "TomorrowNightTemperature": null,
    "AirQuality": "Moderate",
    "AirQualityIndex": 125,
    "BatteryLevel": 80,
    "Bluetooth": true,
    "Unlocked": true,
    "DoNotDisturb": false,
    "AlarmIsSet": true,
    "AlarmTime": "0408",
    "UVIndex": 10,
    "Wind": 5,
    "Humidity": 25
  },
  {
    "Time": "2021-04-11T05:10:05",
    "Steps": 3000,
    "Goal": 10000,
    "PulseGoal": 250,
    "Calories": 204,
    "Distance": 4500,
    "Pulse": 114,
    "PAIIndex": 13,
    "CurrentWeather": "Sunny",
    "CurrentTemperature": 0,
    "DayTemperature": -10,
    "NightTemperature": -14,
    "TomorrowDayTemperature": null,
    "TomorrowNightTemperature": null,
    "AirQuality": "Heavy",
    "AirQualityIndex": 175,
    "BatteryLevel": 75,
    "Bluetooth": true,
    "Unlocked": true,
    "DoNotDisturb": false,
    "AlarmIsSet": true,
    "AlarmTime": "0510",
    "UVIndex": 12,
    "Wind": 6,
    "Humidity": 30
  },
  {
    "Time": "2021-04-12T06:12:06",
    "Steps": 3500,
    "Goal": 10000,
    "PulseGoal": 250,
    "Calories": 238,
    "Distance": 5250,
    "Pulse": 122,
    "PAIIndex": 15,
    "CurrentWeather": "Cloudy",
    "CurrentTemperature": 2,
    "DayTemperature": -9,
    "NightTemperature": -12,
    "TomorrowDayTemperature": null,
    "TomorrowNightTemperature": null,
    "AirQuality": "Critical",
    "AirQualityIndex": 225,
    "BatteryLevel": 70,
    "Bluetooth": true,
    "Unlocked": true,
    "DoNotDisturb": false,
    "AlarmIsSet": true,
    "AlarmTime": "0612",
    "UVIndex": 14,
    "Wind": 7,
    "Humidity": 35
  },
  {
    "Time": "2021-05-13T07:14:07",
    "Steps": 4000,
    "Goal": 10000,
    "PulseGoal": 250,
    "Calories": 272,
    "Distance": 6000,
    "Pulse": 130,
    "PAIIndex": 17,
    "CurrentWeather": "LightRain",
    "CurrentTemperature": 4,
    "DayTemperature": -8,
    "NightTemperature": -10,
    "TomorrowDayTemperature": null,
    "TomorrowNightTemperature": null,
    "AirQuality": 6,
    "AirQualityIndex": 275,
    "BatteryLevel": 65,
    "Bluetooth": true,
    "Unlocked": true,
    "DoNotDisturb": false,
    "AlarmIsSet": true,
    "AlarmTime": "0714",
    "UVIndex": 16,
    "Wind": 8,
    "Humidity": 40
  },
  {
    "Time": "2021-05-14T08:16:08",
    "Steps": 4500,
    "Goal": 10000,
    "PulseGoal": 250,
    "Calories": 306,
    "Distance": 6750,
    "Pulse": 138,
    "PAIIndex": 19,
    "CurrentWeather": "LightSnow",
    "CurrentTemperature": 6,
    "DayTemperature": -7,
    "NightTemperature": -8,
    "TomorrowDayTemperature": null,
    "TomorrowNightTemperature": null,
    "AirQuality": 7,
    "AirQualityIndex": 325,
    "BatteryLevel": 60,
    "Bluetooth": true,
    "Unlocked": true,
    "DoNotDisturb": true,
    "AlarmIsSet": true,
    "AlarmTime": "0816",
    "UVIndex": 18,
    "Wind": 9,
    "Humidity": 45
  },
  {
    "Time": "2021-06-15T09:18:09",
    "Steps": 5000,
    "Goal": 10000,
    "PulseGoal": 250,
    "Calories": 340,
    "Distance": 7500,
    "Pulse": 146,
    "PAIIndex": 21,
    "CurrentWeather": "Rain",
    "CurrentTemperature": 8,
    "DayTemperature": -6,
    "NightTemperature": -6,
    "TomorrowDayTemperature": null,
    "TomorrowNightTemperature": null,
    "AirQuality": 8,
    "AirQualityIndex": 375,
    "BatteryLevel": 55,
    "Bluetooth": true,
    "Unlocked": true,
    "DoNotDisturb": true,
    "AlarmIsSet": true,
    "AlarmTime": "0918",
    "UVIndex": 20,
    "Wind": 10,
    "Humidity": 50
  },
  {
    "Time": "2021-06-16T10:20:10",
    "Steps": 5500,
    "Goal": 10000,
    "PulseGoal": 250,
    "Calories": 374,
    "Distance": 8250,
    "Pulse": 154,
    "PAIIndex": 23,
    "CurrentWeather": "Snow",
    "CurrentTemperature": 10,
    "DayTemperature": -5,
    "NightTemperature": -4,
    "TomorrowDayTemperature": null,
    "TomorrowNightTemperature": null,
    "AirQuality": 9,
    "AirQualityIndex": 425,
    "BatteryLevel": 50,
    "Bluetooth": true,
    "Unlocked": true,
    "DoNotDisturb": true,
    "AlarmIsSet": true,
    "AlarmTime": "1020",
    "UVIndex": 22,
    "Wind": 11,
    "Humidity": 55
  },
  {
    "Time": "2021-07-17T11:22:11",
    "Steps": 6000,
    "Goal": 10000,
    "PulseGoal": 250,
    "Calories": 408,
    "Distance": 9000,
    "Pulse": 162,
    "PAIIndex": 25,
    "CurrentWeather": "HeavySnow",
    "CurrentTemperature": 12,
    "DayTemperature": -4,
    "NightTemperature": -2,
    "TomorrowDayTemperature": null,
    "TomorrowNightTemperature": null,
    "AirQuality": 10,
    "AirQualityIndex": 475,
    "BatteryLevel": 45,
    "Bluetooth": false,
    "Unlocked": true,
    "DoNotDisturb": true,
    "AlarmIsSet": true,
    "AlarmTime": "1122",
    "UVIndex": 24,
    "Wind": 12,
    "Humidity": 60
  },
  {
    "Time": "2021-07-18T12:24:12",
    "Steps": 6500,
    "Goal": 10000,
    "PulseGoal": 250,
    "Calories": 442,
    "Distance": 9750,
    "Pulse": 170,
    "PAIIndex": 27,
    "CurrentWeather": "HeavyRain",
    "CurrentTemperature": 14,
    "DayTemperature": -3,
    "NightTemperature": 0,
    "TomorrowDayTemperature": null,
    "TomorrowNightTemperature": null,
    "AirQuality": 11,
    "AirQualityIndex": 525,
    "BatteryLevel": 40,
    "Bluetooth": false,
    "Unlocked": true,
    "DoNotDisturb": true,
    "AlarmIsSet": true,
    "AlarmTime": "1224",
    "UVIndex": 26,
    "Wind": 13,
    "Humidity": 65
  },
  {
    "Time": "2021-08-19T13:26:13",
    "Steps": 7000,
    "Goal": 10000,
    "PulseGoal": 250,
    "Calories": 476,
    "Distance": 10500,
    "Pulse": 178,
    "PAIIndex": 29,
    "CurrentWeather": "SandStorm",
    "CurrentTemperature": 16,
    "DayTemperature": -2,
    "NightTemperature": 2,
    "TomorrowDayTemperature": null,
    "TomorrowNightTemperature": null,
    "AirQuality": 12,
    "AirQualityIndex": 575,
    "BatteryLevel": 35,
    "Bluetooth": false,
    "Unlocked": false,
    "DoNotDisturb": true,
    "AlarmIsSet": true,
    "AlarmTime": "0126",
    "UVIndex": 28,
    "Wind": 14,
    "Humidity": 70
  },
  {
    "Time": "2021-08-20T14:28:14",
    "Steps": 7500,
    "Goal": 10000,
    "PulseGoal": 250,
    "Calories": 510,
    "Distance": 11250,
    "Pulse": 186,
    "PAIIndex": 31,
    "CurrentWeather": "SnowAndRain",
    "CurrentTemperature": 18,
    "DayTemperature": -1,
    "NightTemperature": 4,
    "TomorrowDayTemperature": null,
    "TomorrowNightTemperature": null,
    "AirQuality": 13,
    "AirQualityIndex": 625,
    "BatteryLevel": 30,
    "Bluetooth": false,
    "Unlocked": false,
    "DoNotDisturb": true,
    "AlarmIsSet": true,
    "AlarmTime": "0228",
    "UVIndex": 30,
    "Wind": 15,
    "Humidity": 75
  },
  {
    "Time": "2021-09-21T15:30:15",
    "Steps": 8000,
    "Goal": 10000,
    "PulseGoal": 250,
    "Calories": 544,
    "Distance": 12000,
    "Pulse": 194,
    "PAIIndex": 33,
    "CurrentWeather": "Fog",
    "CurrentTemperature": 20,
    "DayTemperature": 0,
    "NightTemperature": 6,
    "TomorrowDayTemperature": null,
    "TomorrowNightTemperature": null,
    "AirQuality": 14,
    "AirQualityIndex": 675,
    "BatteryLevel": 25,
    "Bluetooth": false,
    "Unlocked": false,
    "DoNotDisturb": true,
    "AlarmIsSet": true,
    "AlarmTime": "0330",
    "UVIndex": 32,
    "Wind": 16,
    "Humidity": 80
  },
  {
    "Time": "2021-09-22T16:32:16",
    "Steps": 8500,
    "Goal": 10000,
    "PulseGoal": 250,
    "Calories": 578,
    "Distance": 12750,
    "Pulse": 202,
    "PAIIndex": 35,
    "CurrentWeather": "Haze",
    "CurrentTemperature": 22,
    "DayTemperature": 1,
    "NightTemperature": 8,
    "TomorrowDayTemperature": null,
    "TomorrowNightTemperature": null,
    "AirQuality": 15,
    "AirQualityIndex": 725,
    "BatteryLevel": 20,
    "Bluetooth": false,
    "Unlocked": false,
    "DoNotDisturb": true,
    "AlarmIsSet": true,
    "AlarmTime": "0432",
    "UVIndex": 34,
    "Wind": 17,
    "Humidity": 85
  },
  {
    "Time": "2021-10-23T17:34:17",
    "Steps": 9000,
    "Goal": 10000,
    "PulseGoal": 250,
    "Calories": 612,
    "Distance": 13500,
    "Pulse": 210,
    "PAIIndex": 37,
    "CurrentWeather": "Storm",
    "CurrentTemperature": 24,
    "DayTemperature": 2,
    "NightTemperature": 10,
    "TomorrowDayTemperature": null,
    "TomorrowNightTemperature": null,
    "AirQuality": 16,
    "AirQualityIndex": 775,
    "BatteryLevel": 15,
    "Bluetooth": false,
    "Unlocked": false,
    "DoNotDisturb": false,
    "AlarmIsSet": true,
    "AlarmTime": "0534",
    "UVIndex": 36,
    "Wind": 18,
    "Humidity": 90
  },
  {
    "Time": "2021-10-24T18:36:18",
    "Steps": 9500,
    "Goal": 10000,
    "PulseGoal": 250,
    "Calories": 646,
    "Distance": 14250,
    "Pulse": 218,
    "PAIIndex": 39,
    "CurrentWeather": "VeryHeavySnow",
    "CurrentTemperature": 26,
    "DayTemperature": 3,
    "NightTemperature": 12,
    "TomorrowDayTemperature": null,
    "TomorrowNightTemperature": null,
    "AirQuality": 17,
    "AirQualityIndex": 825,
    "BatteryLevel": 10,
    "Bluetooth": false,
    "Unlocked": false,
    "DoNotDisturb": false,
    "AlarmIsSet": true,
    "AlarmTime": "0636",
    "UVIndex": 38,
    "Wind": 19,
    "Humidity": 95
  },
  {
    "Time": "2021-11-25T19:38:19",
    "Steps": 10000,
    "Goal": 10000,
    "PulseGoal": 250,
    "Calories": 680,
    "Distance": 15000,
    "Pulse": 226,
    "PAIIndex": 41,
    "CurrentWeather": "FloatingDust",
    "CurrentTemperature": 28,
    "DayTemperature": 4,
    "NightTemperature": 14,
    "TomorrowDayTemperature": null,
    "TomorrowNightTemperature": null,
    "AirQuality": 18,
    "AirQualityIndex": 875,
    "BatteryLevel": 5,
    "Bluetooth": false,
    "Unlocked": false,
    "DoNotDisturb": false,
    "AlarmIsSet": true,
    "AlarmTime": "0738",
    "UVIndex": 40,
    "Wind": 20,
    "Humidity": 100
  }
]